Year,Units,Series,Territorio,Value
2013,Índice,Ratio de la proporción de mujeres en el sector público respecto a la proporción de mujeres en la población entre 16 y 64 años,España,1.08
2012,Índice,Ratio de la proporción de mujeres en el sector público respecto a la proporción de mujeres en la población entre 16 y 64 años,Aragón,1.09
2013,Índice,Ratio de la proporción de mujeres en el sector público respecto a la proporción de mujeres en la población entre 16 y 64 años,Aragón,1.1
2012,Índice,Ratio de la proporción de mujeres en el sector público respecto a la proporción de mujeres en la población entre 16 y 64 años,España,1.08
2021,Índice,Ratio de la proporción de mujeres en el sector público respecto a la proporción de mujeres en la población entre 16 y 64 años,España,1.15
2020,Índice,Ratio de la proporción de mujeres en el sector público respecto a la proporción de mujeres en la población entre 16 y 64 años,Aragón,1.15
2018,Índice,Ratio de la proporción de mujeres en el sector público respecto a la proporción de mujeres en la población entre 16 y 64 años,Aragón,1.15
2015,Índice,Ratio de la proporción de mujeres en el sector público respecto a la proporción de mujeres en la población entre 16 y 64 años,España,1.08
2019,Índice,Ratio de la proporción de mujeres en el sector público respecto a la proporción de mujeres en la población entre 16 y 64 años,España,1.13
2011,Índice,Ratio de la proporción de mujeres en el sector público respecto a la proporción de mujeres en la población entre 16 y 64 años,Aragón,1.08
2017,Índice,Ratio de la proporción de mujeres en el sector público respecto a la proporción de mujeres en la población entre 16 y 64 años,España,1.11
2010,Índice,Ratio de la proporción de mujeres en el sector público respecto a la proporción de mujeres en la población entre 16 y 64 años,Aragón,1.08
2021,Índice,Ratio de la proporción de mujeres en el sector público respecto a la proporción de mujeres en la población entre 16 y 64 años,Aragón,1.16
2014,Índice,Ratio de la proporción de mujeres en el sector público respecto a la proporción de mujeres en la población entre 16 y 64 años,Aragón,1.09
2010,Índice,Ratio de la proporción de mujeres en el sector público respecto a la proporción de mujeres en la población entre 16 y 64 años,España,1.07
2018,Índice,Ratio de la proporción de mujeres en el sector público respecto a la proporción de mujeres en la población entre 16 y 64 años,España,1.12
2017,Índice,Ratio de la proporción de mujeres en el sector público respecto a la proporción de mujeres en la población entre 16 y 64 años,Aragón,1.13
2020,Índice,Ratio de la proporción de mujeres en el sector público respecto a la proporción de mujeres en la población entre 16 y 64 años,España,1.14
2016,Índice,Ratio de la proporción de mujeres en el sector público respecto a la proporción de mujeres en la población entre 16 y 64 años,España,1.1
2011,Índice,Ratio de la proporción de mujeres en el sector público respecto a la proporción de mujeres en la población entre 16 y 64 años,España,1.07
2015,Índice,Ratio de la proporción de mujeres en el sector público respecto a la proporción de mujeres en la población entre 16 y 64 años,Aragón,1.1
2016,Índice,Ratio de la proporción de mujeres en el sector público respecto a la proporción de mujeres en la población entre 16 y 64 años,Aragón,1.12
2014,Índice,Ratio de la proporción de mujeres en el sector público respecto a la proporción de mujeres en la población entre 16 y 64 años,España,1.08
2019,Índice,Ratio de la proporción de mujeres en el sector público respecto a la proporción de mujeres en la población entre 16 y 64 años,Aragón,1.15
2010,Índice,Ratio de la proporción de mujeres en las instituciones sanitarias autonómicas respecto a la proporción de mujeres en la población entre 16 y 64 años,Aragón,1.6
2013,Índice,Ratio de la proporción de mujeres en las instituciones sanitarias autonómicas respecto a la proporción de mujeres en la población entre 16 y 64 años,Aragón,1.59
2011,Índice,Ratio de la proporción de mujeres en las instituciones sanitarias autonómicas respecto a la proporción de mujeres en la población entre 16 y 64 años,Aragón,1.59
2018,Índice,Ratio de la proporción de mujeres en las instituciones sanitarias autonómicas respecto a la proporción de mujeres en la población entre 16 y 64 años,Aragón,1.6
2013,Índice,Ratio de la proporción de mujeres en las instituciones sanitarias autonómicas respecto a la proporción de mujeres en la población entre 16 y 64 años,España,1.46
2015,Índice,Ratio de la proporción de mujeres en las instituciones sanitarias autonómicas respecto a la proporción de mujeres en la población entre 16 y 64 años,España,1.48
2018,Índice,Ratio de la proporción de mujeres en las instituciones sanitarias autonómicas respecto a la proporción de mujeres en la población entre 16 y 64 años,España,1.49
2017,Índice,Ratio de la proporción de mujeres en las instituciones sanitarias autonómicas respecto a la proporción de mujeres en la población entre 16 y 64 años,España,1.49
2010,Índice,Ratio de la proporción de mujeres en las instituciones sanitarias autonómicas respecto a la proporción de mujeres en la población entre 16 y 64 años,España,1.43
2016,Índice,Ratio de la proporción de mujeres en las instituciones sanitarias autonómicas respecto a la proporción de mujeres en la población entre 16 y 64 años,España,1.48
2014,Índice,Ratio de la proporción de mujeres en las instituciones sanitarias autonómicas respecto a la proporción de mujeres en la población entre 16 y 64 años,España,1.47
2012,Índice,Ratio de la proporción de mujeres en las instituciones sanitarias autonómicas respecto a la proporción de mujeres en la población entre 16 y 64 años,Aragón,1.59
2020,Índice,Ratio de la proporción de mujeres en las instituciones sanitarias autonómicas respecto a la proporción de mujeres en la población entre 16 y 64 años,España,1.5
2012,Índice,Ratio de la proporción de mujeres en las instituciones sanitarias autonómicas respecto a la proporción de mujeres en la población entre 16 y 64 años,España,1.46
2019,Índice,Ratio de la proporción de mujeres en las instituciones sanitarias autonómicas respecto a la proporción de mujeres en la población entre 16 y 64 años,Aragón,1.59
2015,Índice,Ratio de la proporción de mujeres en las instituciones sanitarias autonómicas respecto a la proporción de mujeres en la población entre 16 y 64 años,Aragón,1.59
2019,Índice,Ratio de la proporción de mujeres en las instituciones sanitarias autonómicas respecto a la proporción de mujeres en la población entre 16 y 64 años,España,1.5
2021,Índice,Ratio de la proporción de mujeres en las instituciones sanitarias autonómicas respecto a la proporción de mujeres en la población entre 16 y 64 años,España,1.51
2011,Índice,Ratio de la proporción de mujeres en las instituciones sanitarias autonómicas respecto a la proporción de mujeres en la población entre 16 y 64 años,España,1.43
2016,Índice,Ratio de la proporción de mujeres en las instituciones sanitarias autonómicas respecto a la proporción de mujeres en la población entre 16 y 64 años,Aragón,1.6
2021,Índice,Ratio de la proporción de mujeres en las instituciones sanitarias autonómicas respecto a la proporción de mujeres en la población entre 16 y 64 años,Aragón,1.59
2014,Índice,Ratio de la proporción de mujeres en las instituciones sanitarias autonómicas respecto a la proporción de mujeres en la población entre 16 y 64 años,Aragón,1.6
2020,Índice,Ratio de la proporción de mujeres en las instituciones sanitarias autonómicas respecto a la proporción de mujeres en la población entre 16 y 64 años,Aragón,1.59
2017,Índice,Ratio de la proporción de mujeres en las instituciones sanitarias autonómicas respecto a la proporción de mujeres en la población entre 16 y 64 años,Aragón,1.6
2020,Índice,Ratio de la proporción de mujeres en las universidades respecto a la proporción de mujeres en la población entre 16 y 64 años,España,0.96
2017,Índice,Ratio de la proporción de mujeres en las universidades respecto a la proporción de mujeres en la población entre 16 y 64 años,España,0.94
2012,Índice,Ratio de la proporción de mujeres en las universidades respecto a la proporción de mujeres en la población entre 16 y 64 años,Aragón,0.99
2015,Índice,Ratio de la proporción de mujeres en las universidades respecto a la proporción de mujeres en la población entre 16 y 64 años,Aragón,1.02
2013,Índice,Ratio de la proporción de mujeres en las universidades respecto a la proporción de mujeres en la población entre 16 y 64 años,España,0.92
2011,Índice,Ratio de la proporción de mujeres en las universidades respecto a la proporción de mujeres en la población entre 16 y 64 años,Aragón,0.98
2014,Índice,Ratio de la proporción de mujeres en las universidades respecto a la proporción de mujeres en la población entre 16 y 64 años,Aragón,1.01
2018,Índice,Ratio de la proporción de mujeres en las universidades respecto a la proporción de mujeres en la población entre 16 y 64 años,Aragón,1.02
2014,Índice,Ratio de la proporción de mujeres en las universidades respecto a la proporción de mujeres en la población entre 16 y 64 años,España,0.93
2016,Índice,Ratio de la proporción de mujeres en las universidades respecto a la proporción de mujeres en la población entre 16 y 64 años,España,0.94
2021,Índice,Ratio de la proporción de mujeres en las universidades respecto a la proporción de mujeres en la población entre 16 y 64 años,Aragón,1.05
2021,Índice,Ratio de la proporción de mujeres en las universidades respecto a la proporción de mujeres en la población entre 16 y 64 años,España,0.96
2011,Índice,Ratio de la proporción de mujeres en las universidades respecto a la proporción de mujeres en la población entre 16 y 64 años,España,0.87
2018,Índice,Ratio de la proporción de mujeres en las universidades respecto a la proporción de mujeres en la población entre 16 y 64 años,España,0.95
2020,Índice,Ratio de la proporción de mujeres en las universidades respecto a la proporción de mujeres en la población entre 16 y 64 años,Aragón,1.04
2010,Índice,Ratio de la proporción de mujeres en las universidades respecto a la proporción de mujeres en la población entre 16 y 64 años,Aragón,0.97
2017,Índice,Ratio de la proporción de mujeres en las universidades respecto a la proporción de mujeres en la población entre 16 y 64 años,Aragón,1.02
2016,Índice,Ratio de la proporción de mujeres en las universidades respecto a la proporción de mujeres en la población entre 16 y 64 años,Aragón,1.02
2010,Índice,Ratio de la proporción de mujeres en las universidades respecto a la proporción de mujeres en la población entre 16 y 64 años,España,0.86
2013,Índice,Ratio de la proporción de mujeres en las universidades respecto a la proporción de mujeres en la población entre 16 y 64 años,Aragón,1.01
2012,Índice,Ratio de la proporción de mujeres en las universidades respecto a la proporción de mujeres en la población entre 16 y 64 años,España,0.92
2019,Índice,Ratio de la proporción de mujeres en las universidades respecto a la proporción de mujeres en la población entre 16 y 64 años,Aragón,1.03
2019,Índice,Ratio de la proporción de mujeres en las universidades respecto a la proporción de mujeres en la población entre 16 y 64 años,España,0.95
2015,Índice,Ratio de la proporción de mujeres en las universidades respecto a la proporción de mujeres en la población entre 16 y 64 años,España,0.93
2010,Índice,Ratio de la proporción de mujeres en el sector público local respecto a la proporción de mujeres en la población entre 16 y 64 años,Aragón,0.95
2011,Índice,Ratio de la proporción de mujeres en el sector público local respecto a la proporción de mujeres en la población entre 16 y 64 años,España,0.95
2021,Índice,Ratio de la proporción de mujeres en el sector público local respecto a la proporción de mujeres en la población entre 16 y 64 años,España,1.02
2020,Índice,Ratio de la proporción de mujeres en el sector público local respecto a la proporción de mujeres en la población entre 16 y 64 años,España,1.01
2013,Índice,Ratio de la proporción de mujeres en el sector público local respecto a la proporción de mujeres en la población entre 16 y 64 años,España,0.93
2017,Índice,Ratio de la proporción de mujeres en el sector público local respecto a la proporción de mujeres en la población entre 16 y 64 años,Aragón,1.02
2013,Índice,Ratio de la proporción de mujeres en el sector público local respecto a la proporción de mujeres en la población entre 16 y 64 años,Aragón,0.97
2018,Índice,Ratio de la proporción de mujeres en el sector público local respecto a la proporción de mujeres en la población entre 16 y 64 años,Aragón,1.04
2012,Índice,Ratio de la proporción de mujeres en el sector público local respecto a la proporción de mujeres en la población entre 16 y 64 años,Aragón,0.98
2014,Índice,Ratio de la proporción de mujeres en el sector público local respecto a la proporción de mujeres en la población entre 16 y 64 años,Aragón,0.96
2011,Índice,Ratio de la proporción de mujeres en el sector público local respecto a la proporción de mujeres en la población entre 16 y 64 años,Aragón,0.97
2017,Índice,Ratio de la proporción de mujeres en el sector público local respecto a la proporción de mujeres en la población entre 16 y 64 años,España,0.97
2016,Índice,Ratio de la proporción de mujeres en el sector público local respecto a la proporción de mujeres en la población entre 16 y 64 años,España,0.95
2015,Índice,Ratio de la proporción de mujeres en el sector público local respecto a la proporción de mujeres en la población entre 16 y 64 años,Aragón,0.97
2016,Índice,Ratio de la proporción de mujeres en el sector público local respecto a la proporción de mujeres en la población entre 16 y 64 años,Aragón,0.99
2018,Índice,Ratio de la proporción de mujeres en el sector público local respecto a la proporción de mujeres en la población entre 16 y 64 años,España,0.98
2015,Índice,Ratio de la proporción de mujeres en el sector público local respecto a la proporción de mujeres en la población entre 16 y 64 años,España,0.92
2012,Índice,Ratio de la proporción de mujeres en el sector público local respecto a la proporción de mujeres en la población entre 16 y 64 años,España,0.95
2019,Índice,Ratio de la proporción de mujeres en el sector público local respecto a la proporción de mujeres en la población entre 16 y 64 años,Aragón,1.05
2014,Índice,Ratio de la proporción de mujeres en el sector público local respecto a la proporción de mujeres en la población entre 16 y 64 años,España,0.93
2021,Índice,Ratio de la proporción de mujeres en el sector público local respecto a la proporción de mujeres en la población entre 16 y 64 años,Aragón,1.06
2019,Índice,Ratio de la proporción de mujeres en el sector público local respecto a la proporción de mujeres en la población entre 16 y 64 años,España,0.99
2010,Índice,Ratio de la proporción de mujeres en el sector público local respecto a la proporción de mujeres en la población entre 16 y 64 años,España,0.95
2020,Índice,Ratio de la proporción de mujeres en el sector público local respecto a la proporción de mujeres en la población entre 16 y 64 años,Aragón,1.06
2021,Índice,Ratio de la proporción de mujeres en los ayuntamientos respecto a la proporción de mujeres en la población entre 16 y 64 años,España,1.01
2020,Índice,Ratio de la proporción de mujeres en los ayuntamientos respecto a la proporción de mujeres en la población entre 16 y 64 años,Aragón,1.08
2021,Índice,Ratio de la proporción de mujeres en los ayuntamientos respecto a la proporción de mujeres en la población entre 16 y 64 años,Aragón,1.08
2020,Índice,Ratio de la proporción de mujeres en los ayuntamientos respecto a la proporción de mujeres en la población entre 16 y 64 años,España,0.99
2020,Índice,"Ratio de la proporción de mujeres en las diputaciones, cabildos y consejos insulares respecto a la proporción de mujeres en la población entre 16 y 64 años",España,1.15
2021,Índice,"Ratio de la proporción de mujeres en las diputaciones, cabildos y consejos insulares respecto a la proporción de mujeres en la población entre 16 y 64 años",Aragón,0.76
2021,Índice,"Ratio de la proporción de mujeres en las diputaciones, cabildos y consejos insulares respecto a la proporción de mujeres en la población entre 16 y 64 años",España,1.15
2020,Índice,"Ratio de la proporción de mujeres en las diputaciones, cabildos y consejos insulares respecto a la proporción de mujeres en la población entre 16 y 64 años",Aragón,0.82
2010,Índice,Ratio de la proporción de mujeres en el sector público estatal respecto a la proporción de mujeres en la población entre 16 y 64 años,Aragón,0.53
2016,Índice,Ratio de la proporción de mujeres en el sector público estatal respecto a la proporción de mujeres en la población entre 16 y 64 años,España,0.61
2015,Índice,Ratio de la proporción de mujeres en el sector público estatal respecto a la proporción de mujeres en la población entre 16 y 64 años,Aragón,0.53
2012,Índice,Ratio de la proporción de mujeres en el sector público estatal respecto a la proporción de mujeres en la población entre 16 y 64 años,Aragón,0.53
2013,Índice,Ratio de la proporción de mujeres en el sector público estatal respecto a la proporción de mujeres en la población entre 16 y 64 años,Aragón,0.53
2012,Índice,Ratio de la proporción de mujeres en el sector público estatal respecto a la proporción de mujeres en la población entre 16 y 64 años,España,0.61
2013,Índice,Ratio de la proporción de mujeres en el sector público estatal respecto a la proporción de mujeres en la población entre 16 y 64 años,España,0.61
2011,Índice,Ratio de la proporción de mujeres en el sector público estatal respecto a la proporción de mujeres en la población entre 16 y 64 años,España,0.61
2019,Índice,Ratio de la proporción de mujeres en el sector público estatal respecto a la proporción de mujeres en la población entre 16 y 64 años,España,0.63
2014,Índice,Ratio de la proporción de mujeres en el sector público estatal respecto a la proporción de mujeres en la población entre 16 y 64 años,Aragón,0.46
2017,Índice,Ratio de la proporción de mujeres en el sector público estatal respecto a la proporción de mujeres en la población entre 16 y 64 años,España,0.62
2018,Índice,Ratio de la proporción de mujeres en el sector público estatal respecto a la proporción de mujeres en la población entre 16 y 64 años,España,0.63
2011,Índice,Ratio de la proporción de mujeres en el sector público estatal respecto a la proporción de mujeres en la población entre 16 y 64 años,Aragón,0.52
2018,Índice,Ratio de la proporción de mujeres en el sector público estatal respecto a la proporción de mujeres en la población entre 16 y 64 años,Aragón,0.53
2016,Índice,Ratio de la proporción de mujeres en el sector público estatal respecto a la proporción de mujeres en la población entre 16 y 64 años,Aragón,0.52
2021,Índice,Ratio de la proporción de mujeres en el sector público estatal respecto a la proporción de mujeres en la población entre 16 y 64 años,Aragón,0.52
2017,Índice,Ratio de la proporción de mujeres en el sector público estatal respecto a la proporción de mujeres en la población entre 16 y 64 años,Aragón,0.53
2019,Índice,Ratio de la proporción de mujeres en el sector público estatal respecto a la proporción de mujeres en la población entre 16 y 64 años,Aragón,0.53
2020,Índice,Ratio de la proporción de mujeres en el sector público estatal respecto a la proporción de mujeres en la población entre 16 y 64 años,España,0.62
2010,Índice,Ratio de la proporción de mujeres en el sector público estatal respecto a la proporción de mujeres en la población entre 16 y 64 años,España,0.62
2021,Índice,Ratio de la proporción de mujeres en el sector público estatal respecto a la proporción de mujeres en la población entre 16 y 64 años,España,0.62
2020,Índice,Ratio de la proporción de mujeres en el sector público estatal respecto a la proporción de mujeres en la población entre 16 y 64 años,Aragón,0.52
2014,Índice,Ratio de la proporción de mujeres en el sector público estatal respecto a la proporción de mujeres en la población entre 16 y 64 años,España,0.61
2015,Índice,Ratio de la proporción de mujeres en el sector público estatal respecto a la proporción de mujeres en la población entre 16 y 64 años,España,0.62
2017,Índice,Ratio de la proporción de mujeres en las Fuerzas y Cuerpos de Seguridad del Estado respecto a la proporción de mujeres en la población entre 16 y 64 años,Aragón,0.24
2019,Índice,Ratio de la proporción de mujeres en las Fuerzas y Cuerpos de Seguridad del Estado respecto a la proporción de mujeres en la población entre 16 y 64 años,Aragón,0.28
2015,Índice,Ratio de la proporción de mujeres en las Fuerzas y Cuerpos de Seguridad del Estado respecto a la proporción de mujeres en la población entre 16 y 64 años,Aragón,0.23
2010,Índice,Ratio de la proporción de mujeres en las Fuerzas y Cuerpos de Seguridad del Estado respecto a la proporción de mujeres en la población entre 16 y 64 años,España,0.16
2016,Índice,Ratio de la proporción de mujeres en las Fuerzas y Cuerpos de Seguridad del Estado respecto a la proporción de mujeres en la población entre 16 y 64 años,España,0.2
2011,Índice,Ratio de la proporción de mujeres en las Fuerzas y Cuerpos de Seguridad del Estado respecto a la proporción de mujeres en la población entre 16 y 64 años,España,0.17
2020,Índice,Ratio de la proporción de mujeres en las Fuerzas y Cuerpos de Seguridad del Estado respecto a la proporción de mujeres en la población entre 16 y 64 años,España,0.22
2013,Índice,Ratio de la proporción de mujeres en las Fuerzas y Cuerpos de Seguridad del Estado respecto a la proporción de mujeres en la población entre 16 y 64 años,España,0.19
2011,Índice,Ratio de la proporción de mujeres en las Fuerzas y Cuerpos de Seguridad del Estado respecto a la proporción de mujeres en la población entre 16 y 64 años,Aragón,0.22
2019,Índice,Ratio de la proporción de mujeres en las Fuerzas y Cuerpos de Seguridad del Estado respecto a la proporción de mujeres en la población entre 16 y 64 años,España,0.24
2014,Índice,Ratio de la proporción de mujeres en las Fuerzas y Cuerpos de Seguridad del Estado respecto a la proporción de mujeres en la población entre 16 y 64 años,España,0.19
2018,Índice,Ratio de la proporción de mujeres en las Fuerzas y Cuerpos de Seguridad del Estado respecto a la proporción de mujeres en la población entre 16 y 64 años,Aragón,0.27
2012,Índice,Ratio de la proporción de mujeres en las Fuerzas y Cuerpos de Seguridad del Estado respecto a la proporción de mujeres en la población entre 16 y 64 años,España,0.18
2014,Índice,Ratio de la proporción de mujeres en las Fuerzas y Cuerpos de Seguridad del Estado respecto a la proporción de mujeres en la población entre 16 y 64 años,Aragón,0.23
2018,Índice,Ratio de la proporción de mujeres en las Fuerzas y Cuerpos de Seguridad del Estado respecto a la proporción de mujeres en la población entre 16 y 64 años,España,0.24
2017,Índice,Ratio de la proporción de mujeres en las Fuerzas y Cuerpos de Seguridad del Estado respecto a la proporción de mujeres en la población entre 16 y 64 años,España,0.2
2012,Índice,Ratio de la proporción de mujeres en las Fuerzas y Cuerpos de Seguridad del Estado respecto a la proporción de mujeres en la población entre 16 y 64 años,Aragón,0.22
2013,Índice,Ratio de la proporción de mujeres en las Fuerzas y Cuerpos de Seguridad del Estado respecto a la proporción de mujeres en la población entre 16 y 64 años,Aragón,0.23
2016,Índice,Ratio de la proporción de mujeres en las Fuerzas y Cuerpos de Seguridad del Estado respecto a la proporción de mujeres en la población entre 16 y 64 años,Aragón,0.23
2021,Índice,Ratio de la proporción de mujeres en las Fuerzas y Cuerpos de Seguridad del Estado respecto a la proporción de mujeres en la población entre 16 y 64 años,España,0.23
2020,Índice,Ratio de la proporción de mujeres en las Fuerzas y Cuerpos de Seguridad del Estado respecto a la proporción de mujeres en la población entre 16 y 64 años,Aragón,0.26
2021,Índice,Ratio de la proporción de mujeres en las Fuerzas y Cuerpos de Seguridad del Estado respecto a la proporción de mujeres en la población entre 16 y 64 años,Aragón,0.26
2010,Índice,Ratio de la proporción de mujeres en las Fuerzas y Cuerpos de Seguridad del Estado respecto a la proporción de mujeres en la población entre 16 y 64 años,Aragón,0.2
2015,Índice,Ratio de la proporción de mujeres en las Fuerzas y Cuerpos de Seguridad del Estado respecto a la proporción de mujeres en la población entre 16 y 64 años,España,0.19
2020,Índice,Ratio de la proporción de mujeres en las Fuerzas Armadas respecto a la proporción de mujeres en la población entre 16 y 64 años,Aragón,0.3
2013,Índice,Ratio de la proporción de mujeres en las Fuerzas Armadas respecto a la proporción de mujeres en la población entre 16 y 64 años,Aragón,0.32
2010,Índice,Ratio de la proporción de mujeres en las Fuerzas Armadas respecto a la proporción de mujeres en la población entre 16 y 64 años,Aragón,0.31
2017,Índice,Ratio de la proporción de mujeres en las Fuerzas Armadas respecto a la proporción de mujeres en la población entre 16 y 64 años,España,0.25
2018,Índice,Ratio de la proporción de mujeres en las Fuerzas Armadas respecto a la proporción de mujeres en la población entre 16 y 64 años,Aragón,0.31
2017,Índice,Ratio de la proporción de mujeres en las Fuerzas Armadas respecto a la proporción de mujeres en la población entre 16 y 64 años,Aragón,0.31
2015,Índice,Ratio de la proporción de mujeres en las Fuerzas Armadas respecto a la proporción de mujeres en la población entre 16 y 64 años,Aragón,0.3
2013,Índice,Ratio de la proporción de mujeres en las Fuerzas Armadas respecto a la proporción de mujeres en la población entre 16 y 64 años,España,0.25
2014,Índice,Ratio de la proporción de mujeres en las Fuerzas Armadas respecto a la proporción de mujeres en la población entre 16 y 64 años,Aragón,0.33
2018,Índice,Ratio de la proporción de mujeres en las Fuerzas Armadas respecto a la proporción de mujeres en la población entre 16 y 64 años,España,0.26
2010,Índice,Ratio de la proporción de mujeres en las Fuerzas Armadas respecto a la proporción de mujeres en la población entre 16 y 64 años,España,0.25
2019,Índice,Ratio de la proporción de mujeres en las Fuerzas Armadas respecto a la proporción de mujeres en la población entre 16 y 64 años,España,0.26
2021,Índice,Ratio de la proporción de mujeres en las Fuerzas Armadas respecto a la proporción de mujeres en la población entre 16 y 64 años,Aragón,0.3
2011,Índice,Ratio de la proporción de mujeres en las Fuerzas Armadas respecto a la proporción de mujeres en la población entre 16 y 64 años,España,0.25
2016,Índice,Ratio de la proporción de mujeres en las Fuerzas Armadas respecto a la proporción de mujeres en la población entre 16 y 64 años,España,0.25
2016,Índice,Ratio de la proporción de mujeres en las Fuerzas Armadas respecto a la proporción de mujeres en la población entre 16 y 64 años,Aragón,0.3
2014,Índice,Ratio de la proporción de mujeres en las Fuerzas Armadas respecto a la proporción de mujeres en la población entre 16 y 64 años,España,0.25
2019,Índice,Ratio de la proporción de mujeres en las Fuerzas Armadas respecto a la proporción de mujeres en la población entre 16 y 64 años,Aragón,0.3
2015,Índice,Ratio de la proporción de mujeres en las Fuerzas Armadas respecto a la proporción de mujeres en la población entre 16 y 64 años,España,0.25
2020,Índice,Ratio de la proporción de mujeres en las Fuerzas Armadas respecto a la proporción de mujeres en la población entre 16 y 64 años,España,0.26
2012,Índice,Ratio de la proporción de mujeres en las Fuerzas Armadas respecto a la proporción de mujeres en la población entre 16 y 64 años,Aragón,0.31
2012,Índice,Ratio de la proporción de mujeres en las Fuerzas Armadas respecto a la proporción de mujeres en la población entre 16 y 64 años,España,0.25
2011,Índice,Ratio de la proporción de mujeres en las Fuerzas Armadas respecto a la proporción de mujeres en la población entre 16 y 64 años,Aragón,0.3
2021,Índice,Ratio de la proporción de mujeres en las Fuerzas Armadas respecto a la proporción de mujeres en la población entre 16 y 64 años,España,0.26
2011,Índice,Ratio de la proporción de mujeres en la Administración de Justicia del Estado respecto a la proporción de mujeres en la población entre 16 y 64 años,España,1.3
2019,Índice,Ratio de la proporción de mujeres en la Administración de Justicia del Estado respecto a la proporción de mujeres en la población entre 16 y 64 años,España,1.32
2015,Índice,Ratio de la proporción de mujeres en la Administración de Justicia del Estado respecto a la proporción de mujeres en la población entre 16 y 64 años,Aragón,1.19
2010,Índice,Ratio de la proporción de mujeres en la Administración de Justicia del Estado respecto a la proporción de mujeres en la población entre 16 y 64 años,España,1.28
2018,Índice,Ratio de la proporción de mujeres en la Administración de Justicia del Estado respecto a la proporción de mujeres en la población entre 16 y 64 años,Aragón,1.2
2014,Índice,Ratio de la proporción de mujeres en la Administración de Justicia del Estado respecto a la proporción de mujeres en la población entre 16 y 64 años,Aragón,1.18
2017,Índice,Ratio de la proporción de mujeres en la Administración de Justicia del Estado respecto a la proporción de mujeres en la población entre 16 y 64 años,Aragón,1.18
2018,Índice,Ratio de la proporción de mujeres en la Administración de Justicia del Estado respecto a la proporción de mujeres en la población entre 16 y 64 años,España,1.3
2010,Índice,Ratio de la proporción de mujeres en la Administración de Justicia del Estado respecto a la proporción de mujeres en la población entre 16 y 64 años,Aragón,1.17
2014,Índice,Ratio de la proporción de mujeres en la Administración de Justicia del Estado respecto a la proporción de mujeres en la población entre 16 y 64 años,España,1.29
2017,Índice,Ratio de la proporción de mujeres en la Administración de Justicia del Estado respecto a la proporción de mujeres en la población entre 16 y 64 años,España,1.3
2020,Índice,Ratio de la proporción de mujeres en la Administración de Justicia del Estado respecto a la proporción de mujeres en la población entre 16 y 64 años,Aragón,1.27
2020,Índice,Ratio de la proporción de mujeres en la Administración de Justicia del Estado respecto a la proporción de mujeres en la población entre 16 y 64 años,España,1.33
2013,Índice,Ratio de la proporción de mujeres en la Administración de Justicia del Estado respecto a la proporción de mujeres en la población entre 16 y 64 años,España,1.3
2016,Índice,Ratio de la proporción de mujeres en la Administración de Justicia del Estado respecto a la proporción de mujeres en la población entre 16 y 64 años,España,1.3
2011,Índice,Ratio de la proporción de mujeres en la Administración de Justicia del Estado respecto a la proporción de mujeres en la población entre 16 y 64 años,Aragón,1.19
2015,Índice,Ratio de la proporción de mujeres en la Administración de Justicia del Estado respecto a la proporción de mujeres en la población entre 16 y 64 años,España,1.3
2013,Índice,Ratio de la proporción de mujeres en la Administración de Justicia del Estado respecto a la proporción de mujeres en la población entre 16 y 64 años,Aragón,1.2
2019,Índice,Ratio de la proporción de mujeres en la Administración de Justicia del Estado respecto a la proporción de mujeres en la población entre 16 y 64 años,Aragón,1.23
2021,Índice,Ratio de la proporción de mujeres en la Administración de Justicia del Estado respecto a la proporción de mujeres en la población entre 16 y 64 años,España,1.34
2016,Índice,Ratio de la proporción de mujeres en la Administración de Justicia del Estado respecto a la proporción de mujeres en la población entre 16 y 64 años,Aragón,1.2
2012,Índice,Ratio de la proporción de mujeres en la Administración de Justicia del Estado respecto a la proporción de mujeres en la población entre 16 y 64 años,Aragón,1.2
2021,Índice,Ratio de la proporción de mujeres en la Administración de Justicia del Estado respecto a la proporción de mujeres en la población entre 16 y 64 años,Aragón,1.22
2012,Índice,Ratio de la proporción de mujeres en la Administración de Justicia del Estado respecto a la proporción de mujeres en la población entre 16 y 64 años,España,1.29
2020,Índice,Ratio de la proporción de mujeres en el sector público autonómico respecto a la proporción de mujeres en la población entre 16 y 64 años,España,1.4
2011,Índice,Ratio de la proporción de mujeres en el sector público autonómico respecto a la proporción de mujeres en la población entre 16 y 64 años,España,1.34
2017,Índice,Ratio de la proporción de mujeres en el sector público autonómico respecto a la proporción de mujeres en la población entre 16 y 64 años,Aragón,1.49
2021,Índice,Ratio de la proporción de mujeres en el sector público autonómico respecto a la proporción de mujeres en la población entre 16 y 64 años,España,1.41
2010,Índice,Ratio de la proporción de mujeres en el sector público autonómico respecto a la proporción de mujeres en la población entre 16 y 64 años,España,1.34
2015,Índice,Ratio de la proporción de mujeres en el sector público autonómico respecto a la proporción de mujeres en la población entre 16 y 64 años,Aragón,1.47
2014,Índice,Ratio de la proporción de mujeres en el sector público autonómico respecto a la proporción de mujeres en la población entre 16 y 64 años,Aragón,1.48
2021,Índice,Ratio de la proporción de mujeres en el sector público autonómico respecto a la proporción de mujeres en la población entre 16 y 64 años,Aragón,1.5
2016,Índice,Ratio de la proporción de mujeres en el sector público autonómico respecto a la proporción de mujeres en la población entre 16 y 64 años,España,1.37
2018,Índice,Ratio de la proporción de mujeres en el sector público autonómico respecto a la proporción de mujeres en la población entre 16 y 64 años,Aragón,1.49
2018,Índice,Ratio de la proporción de mujeres en el sector público autonómico respecto a la proporción de mujeres en la población entre 16 y 64 años,España,1.39
2019,Índice,Ratio de la proporción de mujeres en el sector público autonómico respecto a la proporción de mujeres en la población entre 16 y 64 años,España,1.4
2011,Índice,Ratio de la proporción de mujeres en el sector público autonómico respecto a la proporción de mujeres en la población entre 16 y 64 años,Aragón,1.46
2020,Índice,Ratio de la proporción de mujeres en el sector público autonómico respecto a la proporción de mujeres en la población entre 16 y 64 años,Aragón,1.49
2013,Índice,Ratio de la proporción de mujeres en el sector público autonómico respecto a la proporción de mujeres en la población entre 16 y 64 años,España,1.36
2010,Índice,Ratio de la proporción de mujeres en el sector público autonómico respecto a la proporción de mujeres en la población entre 16 y 64 años,Aragón,1.46
2017,Índice,Ratio de la proporción de mujeres en el sector público autonómico respecto a la proporción de mujeres en la población entre 16 y 64 años,España,1.39
2013,Índice,Ratio de la proporción de mujeres en el sector público autonómico respecto a la proporción de mujeres en la población entre 16 y 64 años,Aragón,1.47
2014,Índice,Ratio de la proporción de mujeres en el sector público autonómico respecto a la proporción de mujeres en la población entre 16 y 64 años,España,1.36
2012,Índice,Ratio de la proporción de mujeres en el sector público autonómico respecto a la proporción de mujeres en la población entre 16 y 64 años,Aragón,1.46
2019,Índice,Ratio de la proporción de mujeres en el sector público autonómico respecto a la proporción de mujeres en la población entre 16 y 64 años,Aragón,1.49
2015,Índice,Ratio de la proporción de mujeres en el sector público autonómico respecto a la proporción de mujeres en la población entre 16 y 64 años,España,1.37
2016,Índice,Ratio de la proporción de mujeres en el sector público autonómico respecto a la proporción de mujeres en la población entre 16 y 64 años,Aragón,1.48
2012,Índice,Ratio de la proporción de mujeres en el sector público autonómico respecto a la proporción de mujeres en la población entre 16 y 64 años,España,1.36
2011,Índice,Ratio de la proporción de mujeres en los centros educativos no universitarios autonómicos respecto a la proporción de mujeres en la población entre 16 y 64 años,España,1.38
2014,Índice,Ratio de la proporción de mujeres en los centros educativos no universitarios autonómicos respecto a la proporción de mujeres en la población entre 16 y 64 años,España,1.4
2021,Índice,Ratio de la proporción de mujeres en los centros educativos no universitarios autonómicos respecto a la proporción de mujeres en la población entre 16 y 64 años,España,1.43
2013,Índice,Ratio de la proporción de mujeres en los centros educativos no universitarios autonómicos respecto a la proporción de mujeres en la población entre 16 y 64 años,Aragón,1.45
2010,Índice,Ratio de la proporción de mujeres en los centros educativos no universitarios autonómicos respecto a la proporción de mujeres en la población entre 16 y 64 años,España,1.37
2018,Índice,Ratio de la proporción de mujeres en los centros educativos no universitarios autonómicos respecto a la proporción de mujeres en la población entre 16 y 64 años,Aragón,1.48
2021,Índice,Ratio de la proporción de mujeres en los centros educativos no universitarios autonómicos respecto a la proporción de mujeres en la población entre 16 y 64 años,Aragón,1.48
2015,Índice,Ratio de la proporción de mujeres en los centros educativos no universitarios autonómicos respecto a la proporción de mujeres en la población entre 16 y 64 años,España,1.41
2014,Índice,Ratio de la proporción de mujeres en los centros educativos no universitarios autonómicos respecto a la proporción de mujeres en la población entre 16 y 64 años,Aragón,1.46
2012,Índice,Ratio de la proporción de mujeres en los centros educativos no universitarios autonómicos respecto a la proporción de mujeres en la población entre 16 y 64 años,España,1.39
2012,Índice,Ratio de la proporción de mujeres en los centros educativos no universitarios autonómicos respecto a la proporción de mujeres en la población entre 16 y 64 años,Aragón,1.41
2016,Índice,Ratio de la proporción de mujeres en los centros educativos no universitarios autonómicos respecto a la proporción de mujeres en la población entre 16 y 64 años,España,1.41
2010,Índice,Ratio de la proporción de mujeres en los centros educativos no universitarios autonómicos respecto a la proporción de mujeres en la población entre 16 y 64 años,Aragón,1.42
2015,Índice,Ratio de la proporción de mujeres en los centros educativos no universitarios autonómicos respecto a la proporción de mujeres en la población entre 16 y 64 años,Aragón,1.46
2020,Índice,Ratio de la proporción de mujeres en los centros educativos no universitarios autonómicos respecto a la proporción de mujeres en la población entre 16 y 64 años,Aragón,1.48
2013,Índice,Ratio de la proporción de mujeres en los centros educativos no universitarios autonómicos respecto a la proporción de mujeres en la población entre 16 y 64 años,España,1.4
2019,Índice,Ratio de la proporción de mujeres en los centros educativos no universitarios autonómicos respecto a la proporción de mujeres en la población entre 16 y 64 años,Aragón,1.5
2017,Índice,Ratio de la proporción de mujeres en los centros educativos no universitarios autonómicos respecto a la proporción de mujeres en la población entre 16 y 64 años,Aragón,1.47
2016,Índice,Ratio de la proporción de mujeres en los centros educativos no universitarios autonómicos respecto a la proporción de mujeres en la población entre 16 y 64 años,Aragón,1.45
2017,Índice,Ratio de la proporción de mujeres en los centros educativos no universitarios autonómicos respecto a la proporción de mujeres en la población entre 16 y 64 años,España,1.41
2018,Índice,Ratio de la proporción de mujeres en los centros educativos no universitarios autonómicos respecto a la proporción de mujeres en la población entre 16 y 64 años,España,1.42
2019,Índice,Ratio de la proporción de mujeres en los centros educativos no universitarios autonómicos respecto a la proporción de mujeres en la población entre 16 y 64 años,España,1.42
2020,Índice,Ratio de la proporción de mujeres en los centros educativos no universitarios autonómicos respecto a la proporción de mujeres en la población entre 16 y 64 años,España,1.42
2011,Índice,Ratio de la proporción de mujeres en los centros educativos no universitarios autonómicos respecto a la proporción de mujeres en la población entre 16 y 64 años,Aragón,1.42
