Year,Units,Series,Territorio,Value
2011,Porcentaje,"Proporción de menores entre 2 y 17 años con obesidad, sobrepeso o peso insuficiente",España,41.05
2017,Porcentaje,"Proporción de menores entre 2 y 17 años con obesidad, sobrepeso o peso insuficiente",España,41.87
2011,Porcentaje,"Proporción de menores entre 2 y 17 años con obesidad, sobrepeso o peso insuficiente",Aragón,35.86
2017,Porcentaje,"Proporción de menores entre 2 y 17 años con obesidad, sobrepeso o peso insuficiente",Aragón,36.73
