Year,Units,Series,Territorio,Value
2016,Por 1.000 habitantes,Tasa de fecundidad de las adolescentes entre 10 y 14 años por cada 1.000 mujeres de ese grupo de edad,Aragón,0.13
2020,Por 1.000 habitantes,Tasa de fecundidad de las adolescentes entre 10 y 14 años por cada 1.000 mujeres de ese grupo de edad,Aragón,0.03
2018,Por 1.000 habitantes,Tasa de fecundidad de las adolescentes entre 10 y 14 años por cada 1.000 mujeres de ese grupo de edad,Aragón,0.06
2012,Por 1.000 habitantes,Tasa de fecundidad de las adolescentes entre 10 y 14 años por cada 1.000 mujeres de ese grupo de edad,España,0.13
2015,Por 1.000 habitantes,Tasa de fecundidad de las adolescentes entre 10 y 14 años por cada 1.000 mujeres de ese grupo de edad,Aragón,0.03
2010,Por 1.000 habitantes,Tasa de fecundidad de las adolescentes entre 10 y 14 años por cada 1.000 mujeres de ese grupo de edad,España,0.12
2019,Por 1.000 habitantes,Tasa de fecundidad de las adolescentes entre 10 y 14 años por cada 1.000 mujeres de ese grupo de edad,Aragón,0.09
2012,Por 1.000 habitantes,Tasa de fecundidad de las adolescentes entre 10 y 14 años por cada 1.000 mujeres de ese grupo de edad,Aragón,0.21
2017,Por 1.000 habitantes,Tasa de fecundidad de las adolescentes entre 10 y 14 años por cada 1.000 mujeres de ese grupo de edad,España,0.1
2020,Por 1.000 habitantes,Tasa de fecundidad de las adolescentes entre 10 y 14 años por cada 1.000 mujeres de ese grupo de edad,España,0.05
2014,Por 1.000 habitantes,Tasa de fecundidad de las adolescentes entre 10 y 14 años por cada 1.000 mujeres de ese grupo de edad,Aragón,0.1
2013,Por 1.000 habitantes,Tasa de fecundidad de las adolescentes entre 10 y 14 años por cada 1.000 mujeres de ese grupo de edad,Aragón,0.03
2018,Por 1.000 habitantes,Tasa de fecundidad de las adolescentes entre 10 y 14 años por cada 1.000 mujeres de ese grupo de edad,España,0.06
2014,Por 1.000 habitantes,Tasa de fecundidad de las adolescentes entre 10 y 14 años por cada 1.000 mujeres de ese grupo de edad,España,0.12
2017,Por 1.000 habitantes,Tasa de fecundidad de las adolescentes entre 10 y 14 años por cada 1.000 mujeres de ese grupo de edad,Aragón,0.13
2019,Por 1.000 habitantes,Tasa de fecundidad de las adolescentes entre 10 y 14 años por cada 1.000 mujeres de ese grupo de edad,España,0.07
2015,Por 1.000 habitantes,Tasa de fecundidad de las adolescentes entre 10 y 14 años por cada 1.000 mujeres de ese grupo de edad,España,0.09
2011,Por 1.000 habitantes,Tasa de fecundidad de las adolescentes entre 10 y 14 años por cada 1.000 mujeres de ese grupo de edad,Aragón,0.04
2010,Por 1.000 habitantes,Tasa de fecundidad de las adolescentes entre 10 y 14 años por cada 1.000 mujeres de ese grupo de edad,Aragón,0.18
2016,Por 1.000 habitantes,Tasa de fecundidad de las adolescentes entre 10 y 14 años por cada 1.000 mujeres de ese grupo de edad,España,0.1
2013,Por 1.000 habitantes,Tasa de fecundidad de las adolescentes entre 10 y 14 años por cada 1.000 mujeres de ese grupo de edad,España,0.13
2011,Por 1.000 habitantes,Tasa de fecundidad de las adolescentes entre 10 y 14 años por cada 1.000 mujeres de ese grupo de edad,España,0.14
2010,Por 1.000 habitantes,Tasa de fecundidad de las adolescentes entre 15 y 19 años por cada 1.000 mujeres de ese grupo de edad,España,10.61
2014,Por 1.000 habitantes,Tasa de fecundidad de las adolescentes entre 15 y 19 años por cada 1.000 mujeres de ese grupo de edad,Aragón,7.1
2012,Por 1.000 habitantes,Tasa de fecundidad de las adolescentes entre 15 y 19 años por cada 1.000 mujeres de ese grupo de edad,España,8.98
2017,Por 1.000 habitantes,Tasa de fecundidad de las adolescentes entre 15 y 19 años por cada 1.000 mujeres de ese grupo de edad,España,7.04
2015,Por 1.000 habitantes,Tasa de fecundidad de las adolescentes entre 15 y 19 años por cada 1.000 mujeres de ese grupo de edad,Aragón,7.85
2020,Por 1.000 habitantes,Tasa de fecundidad de las adolescentes entre 15 y 19 años por cada 1.000 mujeres de ese grupo de edad,España,5.33
2016,Por 1.000 habitantes,Tasa de fecundidad de las adolescentes entre 15 y 19 años por cada 1.000 mujeres de ese grupo de edad,Aragón,6.59
2013,Por 1.000 habitantes,Tasa de fecundidad de las adolescentes entre 15 y 19 años por cada 1.000 mujeres de ese grupo de edad,España,8.38
2018,Por 1.000 habitantes,Tasa de fecundidad de las adolescentes entre 15 y 19 años por cada 1.000 mujeres de ese grupo de edad,España,6.23
2018,Por 1.000 habitantes,Tasa de fecundidad de las adolescentes entre 15 y 19 años por cada 1.000 mujeres de ese grupo de edad,Aragón,6.38
2020,Por 1.000 habitantes,Tasa de fecundidad de las adolescentes entre 15 y 19 años por cada 1.000 mujeres de ese grupo de edad,Aragón,5.67
2016,Por 1.000 habitantes,Tasa de fecundidad de las adolescentes entre 15 y 19 años por cada 1.000 mujeres de ese grupo de edad,España,7.34
2013,Por 1.000 habitantes,Tasa de fecundidad de las adolescentes entre 15 y 19 años por cada 1.000 mujeres de ese grupo de edad,Aragón,8.97
2015,Por 1.000 habitantes,Tasa de fecundidad de las adolescentes entre 15 y 19 años por cada 1.000 mujeres de ese grupo de edad,España,7.72
2019,Por 1.000 habitantes,Tasa de fecundidad de las adolescentes entre 15 y 19 años por cada 1.000 mujeres de ese grupo de edad,Aragón,5.04
2011,Por 1.000 habitantes,Tasa de fecundidad de las adolescentes entre 15 y 19 años por cada 1.000 mujeres de ese grupo de edad,Aragón,7.98
2017,Por 1.000 habitantes,Tasa de fecundidad de las adolescentes entre 15 y 19 años por cada 1.000 mujeres de ese grupo de edad,Aragón,5.69
2019,Por 1.000 habitantes,Tasa de fecundidad de las adolescentes entre 15 y 19 años por cada 1.000 mujeres de ese grupo de edad,España,5.96
2011,Por 1.000 habitantes,Tasa de fecundidad de las adolescentes entre 15 y 19 años por cada 1.000 mujeres de ese grupo de edad,España,9.51
2014,Por 1.000 habitantes,Tasa de fecundidad de las adolescentes entre 15 y 19 años por cada 1.000 mujeres de ese grupo de edad,España,8.08
2010,Por 1.000 habitantes,Tasa de fecundidad de las adolescentes entre 15 y 19 años por cada 1.000 mujeres de ese grupo de edad,Aragón,10.08
2012,Por 1.000 habitantes,Tasa de fecundidad de las adolescentes entre 15 y 19 años por cada 1.000 mujeres de ese grupo de edad,Aragón,7.39
