Year,Units,Series,Territorio,Value
2016,Índice,Índice de paridad entre personas con y sin limitaciones por problemas de salud de la población entre 18 y 64 años que ha realizado actividades educativas en los últimos 12 meses,España,76.34
2016,Índice,Índice de paridad entre personas con y sin limitaciones por problemas de salud de la población entre 18 y 64 años que ha realizado actividades educativas en los últimos 12 meses,Aragón,0.86
2011,Índice,Índice de paridad entre mujeres y hombres de la población entre 18 y 64 años que ha realizado actividades educativas en los últimos 12 meses,España,97.34
2011,Índice,Índice de paridad entre mujeres y hombres de la población entre 18 y 64 años que ha realizado actividades educativas en los últimos 12 meses,Aragón,1.14
2016,Índice,Índice de paridad entre mujeres y hombres de la población entre 18 y 64 años que ha realizado actividades educativas en los últimos 12 meses,España,98.46
2016,Índice,Índice de paridad entre mujeres y hombres de la población entre 18 y 64 años que ha realizado actividades educativas en los últimos 12 meses,Aragón,0.92
2020,Índice,Índice de paridad entre personas residentes en municipios de menos de 10.000 habitantes y residentes en municipios de más de 10.000 habitantes de la población entre 15 y 64 años que ha realizado estudios o formación en las últimas cuatro semanas,España,0.85
2015,Índice,Índice de paridad entre personas residentes en municipios de menos de 10.000 habitantes y residentes en municipios de más de 10.000 habitantes de la población entre 15 y 64 años que ha realizado estudios o formación en las últimas cuatro semanas,España,0.88
2016,Índice,Índice de paridad entre personas residentes en municipios de menos de 10.000 habitantes y residentes en municipios de más de 10.000 habitantes de la población entre 15 y 64 años que ha realizado estudios o formación en las últimas cuatro semanas,Aragón,0.75
2013,Índice,Índice de paridad entre personas residentes en municipios de menos de 10.000 habitantes y residentes en municipios de más de 10.000 habitantes de la población entre 15 y 64 años que ha realizado estudios o formación en las últimas cuatro semanas,Aragón,0.82
2017,Índice,Índice de paridad entre personas residentes en municipios de menos de 10.000 habitantes y residentes en municipios de más de 10.000 habitantes de la población entre 15 y 64 años que ha realizado estudios o formación en las últimas cuatro semanas,Aragón,0.83
2021,Índice,Índice de paridad entre personas residentes en municipios de menos de 10.000 habitantes y residentes en municipios de más de 10.000 habitantes de la población entre 15 y 64 años que ha realizado estudios o formación en las últimas cuatro semanas,Aragón,0.83
2014,Índice,Índice de paridad entre personas residentes en municipios de menos de 10.000 habitantes y residentes en municipios de más de 10.000 habitantes de la población entre 15 y 64 años que ha realizado estudios o formación en las últimas cuatro semanas,España,0.89
2012,Índice,Índice de paridad entre personas residentes en municipios de menos de 10.000 habitantes y residentes en municipios de más de 10.000 habitantes de la población entre 15 y 64 años que ha realizado estudios o formación en las últimas cuatro semanas,España,0.86
2012,Índice,Índice de paridad entre personas residentes en municipios de menos de 10.000 habitantes y residentes en municipios de más de 10.000 habitantes de la población entre 15 y 64 años que ha realizado estudios o formación en las últimas cuatro semanas,Aragón,0.76
2016,Índice,Índice de paridad entre personas residentes en municipios de menos de 10.000 habitantes y residentes en municipios de más de 10.000 habitantes de la población entre 15 y 64 años que ha realizado estudios o formación en las últimas cuatro semanas,España,0.87
2019,Índice,Índice de paridad entre personas residentes en municipios de menos de 10.000 habitantes y residentes en municipios de más de 10.000 habitantes de la población entre 15 y 64 años que ha realizado estudios o formación en las últimas cuatro semanas,Aragón,0.82
2013,Índice,Índice de paridad entre personas residentes en municipios de menos de 10.000 habitantes y residentes en municipios de más de 10.000 habitantes de la población entre 15 y 64 años que ha realizado estudios o formación en las últimas cuatro semanas,España,0.89
2019,Índice,Índice de paridad entre personas residentes en municipios de menos de 10.000 habitantes y residentes en municipios de más de 10.000 habitantes de la población entre 15 y 64 años que ha realizado estudios o formación en las últimas cuatro semanas,España,0.86
2010,Índice,Índice de paridad entre personas residentes en municipios de menos de 10.000 habitantes y residentes en municipios de más de 10.000 habitantes de la población entre 15 y 64 años que ha realizado estudios o formación en las últimas cuatro semanas,Aragón,0.94
2018,Índice,Índice de paridad entre personas residentes en municipios de menos de 10.000 habitantes y residentes en municipios de más de 10.000 habitantes de la población entre 15 y 64 años que ha realizado estudios o formación en las últimas cuatro semanas,España,0.86
2020,Índice,Índice de paridad entre personas residentes en municipios de menos de 10.000 habitantes y residentes en municipios de más de 10.000 habitantes de la población entre 15 y 64 años que ha realizado estudios o formación en las últimas cuatro semanas,Aragón,0.88
2011,Índice,Índice de paridad entre personas residentes en municipios de menos de 10.000 habitantes y residentes en municipios de más de 10.000 habitantes de la población entre 15 y 64 años que ha realizado estudios o formación en las últimas cuatro semanas,Aragón,0.88
2010,Índice,Índice de paridad entre personas residentes en municipios de menos de 10.000 habitantes y residentes en municipios de más de 10.000 habitantes de la población entre 15 y 64 años que ha realizado estudios o formación en las últimas cuatro semanas,España,0.88
2017,Índice,Índice de paridad entre personas residentes en municipios de menos de 10.000 habitantes y residentes en municipios de más de 10.000 habitantes de la población entre 15 y 64 años que ha realizado estudios o formación en las últimas cuatro semanas,España,0.86
2018,Índice,Índice de paridad entre personas residentes en municipios de menos de 10.000 habitantes y residentes en municipios de más de 10.000 habitantes de la población entre 15 y 64 años que ha realizado estudios o formación en las últimas cuatro semanas,Aragón,0.83
2011,Índice,Índice de paridad entre personas residentes en municipios de menos de 10.000 habitantes y residentes en municipios de más de 10.000 habitantes de la población entre 15 y 64 años que ha realizado estudios o formación en las últimas cuatro semanas,España,0.87
2015,Índice,Índice de paridad entre personas residentes en municipios de menos de 10.000 habitantes y residentes en municipios de más de 10.000 habitantes de la población entre 15 y 64 años que ha realizado estudios o formación en las últimas cuatro semanas,Aragón,0.83
2014,Índice,Índice de paridad entre personas residentes en municipios de menos de 10.000 habitantes y residentes en municipios de más de 10.000 habitantes de la población entre 15 y 64 años que ha realizado estudios o formación en las últimas cuatro semanas,Aragón,0.77
2016,Índice,Índice de paridad entre personas pertenecientes a hogares que se encuentran en el nivel de ingresos inferior y superior de la población entre 18 y 64 años que ha realizado actividades educativas en los últimos 12 meses,Aragón,0.52
2016,Índice,Índice de paridad entre personas pertenecientes a hogares que se encuentran en el nivel de ingresos inferior y superior de la población entre 18 y 64 años que ha realizado actividades educativas en los últimos 12 meses,España,46.32
2015,Índice,Índice de paridad entre mujeres y hombres de la población entre 15 y 64 años que ha realizado estudios o formación en las últimas cuatro semanas,España,1.08
2017,Índice,Índice de paridad entre mujeres y hombres de la población entre 15 y 64 años que ha realizado estudios o formación en las últimas cuatro semanas,España,1.07
2018,Índice,Índice de paridad entre mujeres y hombres de la población entre 15 y 64 años que ha realizado estudios o formación en las últimas cuatro semanas,España,1.1
2015,Índice,Índice de paridad entre mujeres y hombres de la población entre 15 y 64 años que ha realizado estudios o formación en las últimas cuatro semanas,Aragón,1.08
2014,Índice,Índice de paridad entre mujeres y hombres de la población entre 15 y 64 años que ha realizado estudios o formación en las últimas cuatro semanas,España,1.08
2010,Índice,Índice de paridad entre mujeres y hombres de la población entre 15 y 64 años que ha realizado estudios o formación en las últimas cuatro semanas,Aragón,1.19
2013,Índice,Índice de paridad entre mujeres y hombres de la población entre 15 y 64 años que ha realizado estudios o formación en las últimas cuatro semanas,Aragón,1.13
2011,Índice,Índice de paridad entre mujeres y hombres de la población entre 15 y 64 años que ha realizado estudios o formación en las últimas cuatro semanas,España,1.11
2013,Índice,Índice de paridad entre mujeres y hombres de la población entre 15 y 64 años que ha realizado estudios o formación en las últimas cuatro semanas,España,1.09
2011,Índice,Índice de paridad entre mujeres y hombres de la población entre 15 y 64 años que ha realizado estudios o formación en las últimas cuatro semanas,Aragón,1.1
2019,Índice,Índice de paridad entre mujeres y hombres de la población entre 15 y 64 años que ha realizado estudios o formación en las últimas cuatro semanas,España,1.12
2020,Índice,Índice de paridad entre mujeres y hombres de la población entre 15 y 64 años que ha realizado estudios o formación en las últimas cuatro semanas,Aragón,1.24
2010,Índice,Índice de paridad entre mujeres y hombres de la población entre 15 y 64 años que ha realizado estudios o formación en las últimas cuatro semanas,España,1.11
2019,Índice,Índice de paridad entre mujeres y hombres de la población entre 15 y 64 años que ha realizado estudios o formación en las últimas cuatro semanas,Aragón,1.17
2016,Índice,Índice de paridad entre mujeres y hombres de la población entre 15 y 64 años que ha realizado estudios o formación en las últimas cuatro semanas,Aragón,1.12
2021,Índice,Índice de paridad entre mujeres y hombres de la población entre 15 y 64 años que ha realizado estudios o formación en las últimas cuatro semanas,Aragón,1.22
2016,Índice,Índice de paridad entre mujeres y hombres de la población entre 15 y 64 años que ha realizado estudios o formación en las últimas cuatro semanas,España,1.08
2012,Índice,Índice de paridad entre mujeres y hombres de la población entre 15 y 64 años que ha realizado estudios o formación en las últimas cuatro semanas,Aragón,1.14
2014,Índice,Índice de paridad entre mujeres y hombres de la población entre 15 y 64 años que ha realizado estudios o formación en las últimas cuatro semanas,Aragón,1.14
2018,Índice,Índice de paridad entre mujeres y hombres de la población entre 15 y 64 años que ha realizado estudios o formación en las últimas cuatro semanas,Aragón,1.16
2012,Índice,Índice de paridad entre mujeres y hombres de la población entre 15 y 64 años que ha realizado estudios o formación en las últimas cuatro semanas,España,1.1
2020,Índice,Índice de paridad entre mujeres y hombres de la población entre 15 y 64 años que ha realizado estudios o formación en las últimas cuatro semanas,España,1.12
2017,Índice,Índice de paridad entre mujeres y hombres de la población entre 15 y 64 años que ha realizado estudios o formación en las últimas cuatro semanas,Aragón,1.15
